<?xml version="1.0" ?>
<LOG_ROOT>
	<PROJECT NAME="DE0_TOP">
		<CBX_INST_ENTRY INSTANCE_NAME="|DE0_TOP|top:top_inst|bcd:bcd_pc_dut|lpm_divide:Div0" CBX_FILE_NAME="lpm_divide_8gm.tdf"/>
		<CBX_INST_ENTRY INSTANCE_NAME="|DE0_TOP|top:top_inst|bcd:bcd_pc_dut|lpm_divide:Mod1" CBX_FILE_NAME="lpm_divide_b8m.tdf"/>
		<CBX_INST_ENTRY INSTANCE_NAME="|DE0_TOP|top:top_inst|bcd:bcd_sp_dut|lpm_divide:Mod1" CBX_FILE_NAME="lpm_divide_b8m.tdf"/>
		<CBX_INST_ENTRY INSTANCE_NAME="|DE0_TOP|top:top_inst|cpu:cpu_dut|alu:ALU|lpm_mult:Mult0" CBX_FILE_NAME="mult_ubt.tdf"/>
		<CBX_INST_ENTRY INSTANCE_NAME="|DE0_TOP|top:top_inst|bcd:bcd_pc_dut|lpm_divide:Mod0" CBX_FILE_NAME="lpm_divide_b8m.tdf"/>
		<CBX_INST_ENTRY INSTANCE_NAME="|DE0_TOP|top:top_inst|bcd:bcd_sp_dut|lpm_divide:Mod0" CBX_FILE_NAME="lpm_divide_b8m.tdf"/>
		<CBX_INST_ENTRY INSTANCE_NAME="|DE0_TOP|top:top_inst|memory:memory_dut|altsyncram:mem_rtl_0" CBX_FILE_NAME="altsyncram_dke1.tdf"/>
	</PROJECT>
</LOG_ROOT>
